<?xml version="1.0" encoding="utf-8" ?>
<dwsync>
<file name="swag.css" server="m2052688.scm.tees.ac.uk//web/users/m2052688/CST_Unit4/" local="130310802780000000" remote="130310802780000000" Dst="1" />
<file name="swag.min.css" server="m2052688.scm.tees.ac.uk//web/users/m2052688/CST_Unit4/" local="130310802780000000" remote="130310802780000000" Dst="1" />
<file name="jquery.mobile.icons.min.css" server="u0018370.scm.tees.ac.uk//web/users/u0018370/MAD_complete/" local="130358266046093115" remote="130358347420000000" Dst="0" />
<file name="swag.css" server="u0018370.scm.tees.ac.uk//web/users/u0018370/MAD_complete/" local="130358266060000000" remote="130358347420000000" Dst="1" />
<file name="swag.min.css" server="u0018370.scm.tees.ac.uk//web/users/u0018370/MAD_complete/" local="130358266067237179" remote="130358347420000000" Dst="0" />
<file name="swag.css" server="u0018370.scm.tees.ac.uk" local="130358266060000000" remote="130359168190000000" Dst="1" />
<file name="jquery.mobile.icons.min.css" server="outcast.tees.ac.uk//iws/u0018370/MAD_complete/" local="130358266040000000" remote="130365328080000000" Dst="0" />
<file name="swag.css" server="outcast.tees.ac.uk//iws/u0018370/MAD_complete/" local="130358266060000000" remote="130365328080000000" Dst="0" />
<file name="swag.min.css" server="outcast.tees.ac.uk//iws/u0018370/MAD_complete/" local="130358266060000000" remote="130365328090000000" Dst="0" />
</dwsync>