<?xml version="1.0" encoding="utf-8" ?>
<dwsync>
<file name="config.xml" server="outcast.tees.ac.uk//iws/u0018370/MAD_complete/" local="130365125810000000" remote="130365328100000000" Dst="0" />
<file name="index.html" server="outcast.tees.ac.uk//iws/u0018370/MAD_complete/" local="130365265033344200" remote="130365336610000000" Dst="0" />
<file name="jquery-1.9.1.min.js" server="outcast.tees.ac.uk//iws/u0018370/MAD_complete/" local="130347243720000000" remote="130365328110000000" Dst="0" />
<file name="jquery.mobile-1.4.0.css" server="outcast.tees.ac.uk//iws/u0018370/MAD_complete/" local="130358324560000000" remote="130365328130000000" Dst="0" />
<file name="jquery.mobile-1.4.0.min.js" server="outcast.tees.ac.uk//iws/u0018370/MAD_complete/" local="130358324260000000" remote="130365328150000000" Dst="0" />
<file name="jquery.mobile-1.4.0.css" server="u0018370.scm.tees.ac.uk//web/users/u0018370/MAD_complete/" local="130358324560000000" remote="130365987790000000" Dst="1" />
<file name="jquery-1.9.1.min.js" server="u0018370.scm.tees.ac.uk//web/users/u0018370/MAD_complete/" local="130347243720000000" remote="130365987790000000" Dst="1" />
<file name="jquery.mobile-1.4.0.min.js" server="u0018370.scm.tees.ac.uk//web/users/u0018370/MAD_complete/" local="130358324260000000" remote="130365987790000000" Dst="1" />
<file name="index.html" server="u0018370.scm.tees.ac.uk//web/users/u0018370/MAD_complete/" local="130367752728301386" remote="130367752730000000" Dst="1" />
</dwsync>