<?xml version="1.0" encoding="utf-8" ?>
<dwsync>
<file name="jquery-mobile-fluid960.css" server="m2052688.scm.tees.ac.uk//web/users/m2052688/CST_Unit4/" local="130280585420000000" remote="130280585420000000" Dst="1" />
<file name="custom_overides.css" server="m2052688.scm.tees.ac.uk//web/users/m2052688/CST_Unit4/" local="130323210800000000" remote="130323210800000000" Dst="1" />
<file name="jquery.mobile.listview.css" server="m2052688.scm.tees.ac.uk//web/users/m2052688/CST_Unit4/" local="130286597240000000" remote="130286597240000000" Dst="1" />
<file name="jquery.mobile.panel.css" server="m2052688.scm.tees.ac.uk//web/users/m2052688/CST_Unit4/" local="130286597240000000" remote="130286597240000000" Dst="1" />
<file name="jquery.mobile.theme.css" server="m2052688.scm.tees.ac.uk//web/users/m2052688/CST_Unit4/" local="130286597240000000" remote="130286597240000000" Dst="1" />
<file name="jquery-mobile-fluid960.min.css" server="m2052688.scm.tees.ac.uk//web/users/m2052688/CST_Unit4/" local="130286597240000000" remote="130286597240000000" Dst="1" />
<file name="jquery.sliderTabs.min.css" server="m2052688.scm.tees.ac.uk//web/users/m2052688/CST_Unit4/" local="130295075540000000" remote="130295075540000000" Dst="1" />
<file name="custom_overides.css" server="u0018370.scm.tees.ac.uk//web/users/u0018370/MAD_complete/" local="130364973713201537" remote="130364973700000000" Dst="1" />
<file name="jquery-mobile-fluid960.css" server="u0018370.scm.tees.ac.uk//web/users/u0018370/MAD_complete/" local="130347243800000000" remote="130358347140000000" Dst="1" />
<file name="jquery-mobile-fluid960.min.css" server="u0018370.scm.tees.ac.uk//web/users/u0018370/MAD_complete/" local="130347243800000000" remote="130358347140000000" Dst="0" />
<file name="jquery.mobile.listview.css" server="u0018370.scm.tees.ac.uk//web/users/u0018370/MAD_complete/" local="130347243800000000" remote="130358347140000000" Dst="0" />
<file name="jquery.mobile.panel.css" server="u0018370.scm.tees.ac.uk//web/users/u0018370/MAD_complete/" local="130347243800000000" remote="130358347140000000" Dst="0" />
<file name="jquery.mobile.theme.css" server="u0018370.scm.tees.ac.uk//web/users/u0018370/MAD_complete/" local="130347243800000000" remote="130358347150000000" Dst="0" />
<file name="jquery.sliderTabs.min.css" server="u0018370.scm.tees.ac.uk//web/users/u0018370/MAD_complete/" local="130347243800000000" remote="130358347150000000" Dst="0" />
<file name="jquery-mobile-fluid960.css" server="u0018370.scm.tees.ac.uk" local="130347243800000000" remote="130359168230000000" Dst="1" />
<file name="custom_overides.css" server="u0018370.scm.tees.ac.uk" local="130361771189490411" remote="130361771140000000" Dst="1" />
<file name="custom_overides.css" server="outcast.tees.ac.uk//iws/u0018370/MAD_complete/" local="130364973710000000" remote="130365327790000000" Dst="0" />
<file name="jquery-mobile-fluid960.css" server="outcast.tees.ac.uk//iws/u0018370/MAD_complete/" local="130347243800000000" remote="130365327810000000" Dst="0" />
<file name="jquery-mobile-fluid960.min.css" server="outcast.tees.ac.uk//iws/u0018370/MAD_complete/" local="130347243800000000" remote="130365327810000000" Dst="0" />
<file name="jquery.mobile.listview.css" server="outcast.tees.ac.uk//iws/u0018370/MAD_complete/" local="130347243800000000" remote="130365327820000000" Dst="0" />
<file name="jquery.mobile.panel.css" server="outcast.tees.ac.uk//iws/u0018370/MAD_complete/" local="130347243800000000" remote="130365327820000000" Dst="0" />
<file name="jquery.mobile.theme.css" server="outcast.tees.ac.uk//iws/u0018370/MAD_complete/" local="130347243800000000" remote="130365327820000000" Dst="0" />
<file name="jquery.sliderTabs.min.css" server="outcast.tees.ac.uk//iws/u0018370/MAD_complete/" local="130347243800000000" remote="130365327820000000" Dst="0" />
</dwsync>