<?xml version="1.0" encoding="utf-8" ?>
<dwsync>
<file name="icons-18-white.png" server="m2052688.scm.tees.ac.uk//web/users/m2052688/CST_Unit4/" local="130280585420000000" remote="130280585420000000" Dst="1" />
<file name="icons-18-black.png" server="m2052688.scm.tees.ac.uk//web/users/m2052688/CST_Unit4/" local="130280585420000000" remote="130280585420000000" Dst="1" />
<file name="icons-36-white.png" server="m2052688.scm.tees.ac.uk//web/users/m2052688/CST_Unit4/" local="130280585420000000" remote="130280585420000000" Dst="1" />
<file name="icons-36-black.png" server="m2052688.scm.tees.ac.uk//web/users/m2052688/CST_Unit4/" local="130280585420000000" remote="130280585420000000" Dst="1" />
<file name="ajax-loader.gif" server="m2052688.scm.tees.ac.uk//web/users/m2052688/CST_Unit4/" local="130280585420000000" remote="130280585420000000" Dst="1" />
<file name="ajax-loader.gif" server="u0018370.scm.tees.ac.uk//web/users/u0018370/MAD_complete/" local="130358266060000000" remote="130358347230000000" Dst="1" />
<file name="icons-18-black.png" server="u0018370.scm.tees.ac.uk//web/users/u0018370/MAD_complete/" local="130347243820000000" remote="130358347230000000" Dst="0" />
<file name="icons-18-white.png" server="u0018370.scm.tees.ac.uk//web/users/u0018370/MAD_complete/" local="130347243820000000" remote="130358347230000000" Dst="0" />
<file name="icons-36-black.png" server="u0018370.scm.tees.ac.uk//web/users/u0018370/MAD_complete/" local="130347243820000000" remote="130358347230000000" Dst="0" />
<file name="icons-36-white.png" server="u0018370.scm.tees.ac.uk//web/users/u0018370/MAD_complete/" local="130347243820000000" remote="130358347240000000" Dst="0" />
<file name="ajax-loader.gif" server="u0018370.scm.tees.ac.uk" local="130358266060000000" remote="130359168200000000" Dst="1" />
<file name="ajax-loader.gif" server="outcast.tees.ac.uk//iws/u0018370/MAD_complete/" local="130358266060000000" remote="130365327890000000" Dst="0" />
<file name="icons-18-black.png" server="outcast.tees.ac.uk//iws/u0018370/MAD_complete/" local="130347243820000000" remote="130365327890000000" Dst="0" />
<file name="icons-18-white.png" server="outcast.tees.ac.uk//iws/u0018370/MAD_complete/" local="130347243820000000" remote="130365327900000000" Dst="0" />
<file name="icons-36-black.png" server="outcast.tees.ac.uk//iws/u0018370/MAD_complete/" local="130347243820000000" remote="130365327900000000" Dst="0" />
<file name="icons-36-white.png" server="outcast.tees.ac.uk//iws/u0018370/MAD_complete/" local="130347243820000000" remote="130365327900000000" Dst="0" />
</dwsync>