<?xml version="1.0" encoding="utf-8" ?>
<dwsync>
<file name="leftArrow.png" server="m2052688.scm.tees.ac.uk//web/users/m2052688/CST_Unit4/" local="130295075540000000" remote="130295075540000000" Dst="1" />
<file name="rightArrow.png" server="m2052688.scm.tees.ac.uk//web/users/m2052688/CST_Unit4/" local="130295075540000000" remote="130295075540000000" Dst="1" />
<file name="indicator.png" server="m2052688.scm.tees.ac.uk//web/users/m2052688/CST_Unit4/" local="130295075540000000" remote="130295075540000000" Dst="1" />
<file name="indicatorActive.png" server="m2052688.scm.tees.ac.uk//web/users/m2052688/CST_Unit4/" local="130295075540000000" remote="130295075540000000" Dst="1" />
<file name="leftPanelArrow.png" server="m2052688.scm.tees.ac.uk//web/users/m2052688/CST_Unit4/" local="130295075540000000" remote="130295075540000000" Dst="1" />
<file name="rightPanelArrow.png" server="m2052688.scm.tees.ac.uk//web/users/m2052688/CST_Unit4/" local="130295075540000000" remote="130295075540000000" Dst="1" />
<file name="indicator.png" server="u0018370.scm.tees.ac.uk//web/users/u0018370/MAD_complete/" local="130347243840000000" remote="130358347130000000" Dst="0" />
<file name="indicatorActive.png" server="u0018370.scm.tees.ac.uk//web/users/u0018370/MAD_complete/" local="130347243840000000" remote="130358347130000000" Dst="0" />
<file name="leftArrow.png" server="u0018370.scm.tees.ac.uk//web/users/u0018370/MAD_complete/" local="130347243840000000" remote="130358347130000000" Dst="0" />
<file name="leftPanelArrow.png" server="u0018370.scm.tees.ac.uk//web/users/u0018370/MAD_complete/" local="130347243840000000" remote="130358347130000000" Dst="0" />
<file name="rightArrow.png" server="u0018370.scm.tees.ac.uk//web/users/u0018370/MAD_complete/" local="130347243840000000" remote="130358347130000000" Dst="0" />
<file name="rightPanelArrow.png" server="u0018370.scm.tees.ac.uk//web/users/u0018370/MAD_complete/" local="130347243840000000" remote="130358347130000000" Dst="0" />
<file name="indicator.png" server="outcast.tees.ac.uk//iws/u0018370/MAD_complete/" local="130347243840000000" remote="130365327800000000" Dst="0" />
<file name="indicatorActive.png" server="outcast.tees.ac.uk//iws/u0018370/MAD_complete/" local="130347243840000000" remote="130365327800000000" Dst="0" />
<file name="leftArrow.png" server="outcast.tees.ac.uk//iws/u0018370/MAD_complete/" local="130347243840000000" remote="130365327800000000" Dst="0" />
<file name="leftPanelArrow.png" server="outcast.tees.ac.uk//iws/u0018370/MAD_complete/" local="130347243840000000" remote="130365327800000000" Dst="0" />
<file name="rightArrow.png" server="outcast.tees.ac.uk//iws/u0018370/MAD_complete/" local="130347243840000000" remote="130365327810000000" Dst="0" />
<file name="rightPanelArrow.png" server="outcast.tees.ac.uk//iws/u0018370/MAD_complete/" local="130347243840000000" remote="130365327810000000" Dst="0" />
</dwsync>