<?xml version="1.0" encoding="utf-8" ?>
<dwsync>
<file name="jquery.mobile.structure-1.3.0.css" server="m2052688.scm.tees.ac.uk//web/users/m2052688/CST_Unit4/" local="130310802780000000" remote="130310802780000000" Dst="1" />
<file name="jquery.mobile.structure-1.3.0.min.css" server="m2052688.scm.tees.ac.uk//web/users/m2052688/CST_Unit4/" local="130310802780000000" remote="130310802780000000" Dst="1" />
<file name="jquery.mobile.theme-1.3.0.css" server="m2052688.scm.tees.ac.uk//web/users/m2052688/CST_Unit4/" local="130310802780000000" remote="130310802780000000" Dst="1" />
<file name="jquery.mobile.theme-1.3.0.min.css" server="m2052688.scm.tees.ac.uk//web/users/m2052688/CST_Unit4/" local="130310802780000000" remote="130310802780000000" Dst="1" />
<file name="jquery.mobile-1.3.0.min.css" server="m2052688.scm.tees.ac.uk//web/users/m2052688/CST_Unit4/" local="130310802780000000" remote="130310802780000000" Dst="1" />
<file name="jquery.mobile-1.3.0.css" server="m2052688.scm.tees.ac.uk//web/users/m2052688/CST_Unit4/" local="130310802780000000" remote="130310802780000000" Dst="1" />
<file name="jquery.mobile-1.3.0.css" server="u0018370.scm.tees.ac.uk//web/users/u0018370/MAD_complete/" local="130347243820000000" remote="130358347180000000" Dst="0" />
<file name="jquery.mobile-1.3.0.min.css" server="u0018370.scm.tees.ac.uk//web/users/u0018370/MAD_complete/" local="130347243820000000" remote="130358347190000000" Dst="0" />
<file name="jquery.mobile.structure-1.3.0.css" server="u0018370.scm.tees.ac.uk//web/users/u0018370/MAD_complete/" local="130347243820000000" remote="130358347200000000" Dst="0" />
<file name="jquery.mobile.structure-1.3.0.min.css" server="u0018370.scm.tees.ac.uk//web/users/u0018370/MAD_complete/" local="130347243820000000" remote="130358347210000000" Dst="0" />
<file name="jquery.mobile.theme-1.3.0.css" server="u0018370.scm.tees.ac.uk//web/users/u0018370/MAD_complete/" local="130347243820000000" remote="130358347210000000" Dst="0" />
<file name="jquery.mobile.theme-1.3.0.min.css" server="u0018370.scm.tees.ac.uk//web/users/u0018370/MAD_complete/" local="130347243820000000" remote="130358347210000000" Dst="0" />
<file name="jquery.mobile-1.3.0.css" server="outcast.tees.ac.uk//iws/u0018370/MAD_complete/" local="130347243820000000" remote="130365327860000000" Dst="0" />
<file name="jquery.mobile-1.3.0.min.css" server="outcast.tees.ac.uk//iws/u0018370/MAD_complete/" local="130347243820000000" remote="130365327860000000" Dst="0" />
<file name="jquery.mobile.structure-1.3.0.css" server="outcast.tees.ac.uk//iws/u0018370/MAD_complete/" local="130347243820000000" remote="130365327870000000" Dst="0" />
<file name="jquery.mobile.structure-1.3.0.min.css" server="outcast.tees.ac.uk//iws/u0018370/MAD_complete/" local="130347243820000000" remote="130365327880000000" Dst="0" />
<file name="jquery.mobile.theme-1.3.0.css" server="outcast.tees.ac.uk//iws/u0018370/MAD_complete/" local="130347243820000000" remote="130365327880000000" Dst="0" />
<file name="jquery.mobile.theme-1.3.0.min.css" server="outcast.tees.ac.uk//iws/u0018370/MAD_complete/" local="130347243820000000" remote="130365327890000000" Dst="0" />
</dwsync>