<?xml version="1.0" encoding="utf-8" ?>
<dwsync>
<file name="5.png" server="outcast.tees.ac.uk//iws/u0018370/MAD_complete/" local="130347243760000000" remote="130365327710000000" Dst="0" />
<file name="AccountIcon.png" server="outcast.tees.ac.uk//iws/u0018370/MAD_complete/" local="130347243780000000" remote="130365327710000000" Dst="0" />
<file name="ajax-loader.gif" server="outcast.tees.ac.uk//iws/u0018370/MAD_complete/" local="130347243780000000" remote="130365327710000000" Dst="0" />
<file name="arrow.png" server="outcast.tees.ac.uk//iws/u0018370/MAD_complete/" local="130347243780000000" remote="130365327710000000" Dst="0" />
<file name="bg_3.jpg" server="outcast.tees.ac.uk//iws/u0018370/MAD_complete/" local="130361773450000000" remote="130365327740000000" Dst="0" />
<file name="compose-white.png" server="outcast.tees.ac.uk//iws/u0018370/MAD_complete/" local="130347243780000000" remote="130365327750000000" Dst="0" />
<file name="compose.png" server="outcast.tees.ac.uk//iws/u0018370/MAD_complete/" local="130347243780000000" remote="130365327750000000" Dst="0" />
<file name="dash.png" server="outcast.tees.ac.uk//iws/u0018370/MAD_complete/" local="130347243780000000" remote="130365327750000000" Dst="0" />
<file name="info.png" server="outcast.tees.ac.uk//iws/u0018370/MAD_complete/" local="130347243780000000" remote="130365327750000000" Dst="0" />
<file name="list-white.png" server="outcast.tees.ac.uk//iws/u0018370/MAD_complete/" local="130347243780000000" remote="130365327750000000" Dst="0" />
<file name="list.png" server="outcast.tees.ac.uk//iws/u0018370/MAD_complete/" local="130347243780000000" remote="130365327750000000" Dst="0" />
<file name="logo.png" server="outcast.tees.ac.uk//iws/u0018370/MAD_complete/" local="130357445050000000" remote="130365327760000000" Dst="0" />
<file name="logo2.png" server="outcast.tees.ac.uk//iws/u0018370/MAD_complete/" local="130347243780000000" remote="130365327760000000" Dst="0" />
<file name="logo3.png" server="outcast.tees.ac.uk//iws/u0018370/MAD_complete/" local="130347243760000000" remote="130365327760000000" Dst="0" />
<file name="logout.png" server="outcast.tees.ac.uk//iws/u0018370/MAD_complete/" local="130347243780000000" remote="130365327760000000" Dst="0" />
<file name="logo_old.png" server="outcast.tees.ac.uk//iws/u0018370/MAD_complete/" local="130347243780000000" remote="130365327760000000" Dst="0" />
<file name="minus.png" server="outcast.tees.ac.uk//iws/u0018370/MAD_complete/" local="130347243780000000" remote="130365327760000000" Dst="0" />
<file name="plus.png" server="outcast.tees.ac.uk//iws/u0018370/MAD_complete/" local="130347243780000000" remote="130365327770000000" Dst="0" />
<file name="ajax-loader.gif" server="u0018370.scm.tees.ac.uk//web/users/u0018370/MAD_complete/" local="130347243780000000" remote="130365987790000000" Dst="1" />
<file name="AccountIcon.png" server="u0018370.scm.tees.ac.uk//web/users/u0018370/MAD_complete/" local="130347243780000000" remote="130365987790000000" Dst="1" />
<file name="plus.png" server="u0018370.scm.tees.ac.uk//web/users/u0018370/MAD_complete/" local="130347243780000000" remote="130365987790000000" Dst="1" />
<file name="minus.png" server="u0018370.scm.tees.ac.uk//web/users/u0018370/MAD_complete/" local="130347243780000000" remote="130365987790000000" Dst="1" />
<file name="info.png" server="u0018370.scm.tees.ac.uk//web/users/u0018370/MAD_complete/" local="130347243780000000" remote="130365987790000000" Dst="1" />
<file name="bg_3.jpg" server="u0018370.scm.tees.ac.uk//web/users/u0018370/MAD_complete/" local="130361773450000000" remote="130365987790000000" Dst="1" />
<file name="arrow.png" server="u0018370.scm.tees.ac.uk//web/users/u0018370/MAD_complete/" local="130347243780000000" remote="130365987790000000" Dst="1" />
<file name="logo.png" server="u0018370.scm.tees.ac.uk//web/users/u0018370/MAD_complete/" local="130357445050000000" remote="130365987790000000" Dst="1" />
<file name="compose-white.png" server="u0018370.scm.tees.ac.uk//web/users/u0018370/MAD_complete/" local="130347243780000000" remote="130365987790000000" Dst="1" />
<file name="list-white.png" server="u0018370.scm.tees.ac.uk//web/users/u0018370/MAD_complete/" local="130347243780000000" remote="130365987790000000" Dst="1" />
<file name="logout.png" server="u0018370.scm.tees.ac.uk//web/users/u0018370/MAD_complete/" local="130347243780000000" remote="130365987790000000" Dst="1" />
<file name="dash.png" server="u0018370.scm.tees.ac.uk//web/users/u0018370/MAD_complete/" local="130347243780000000" remote="130365987790000000" Dst="1" />
<file name="list.png" server="u0018370.scm.tees.ac.uk//web/users/u0018370/MAD_complete/" local="130347243780000000" remote="130365987800000000" Dst="1" />
<file name="compose.png" server="u0018370.scm.tees.ac.uk//web/users/u0018370/MAD_complete/" local="130347243780000000" remote="130365987800000000" Dst="1" />
<file name="5.png" server="u0018370.scm.tees.ac.uk//web/users/u0018370/MAD_complete/" local="130347243760000000" remote="130365987800000000" Dst="1" />
</dwsync>