<?xml version="1.0" encoding="utf-8" ?>
<dwsync>
<file name="ajax-loader.gif" server="m2052688.scm.tees.ac.uk//web/users/m2052688/CST_Unit4/" local="130310802780000000" remote="130310802780000000" Dst="1" />
<file name="icons-18-black.png" server="m2052688.scm.tees.ac.uk//web/users/m2052688/CST_Unit4/" local="130310802780000000" remote="130310802780000000" Dst="1" />
<file name="icons-18-white.png" server="m2052688.scm.tees.ac.uk//web/users/m2052688/CST_Unit4/" local="130310802780000000" remote="130310802780000000" Dst="1" />
<file name="icons-36-black.png" server="m2052688.scm.tees.ac.uk//web/users/m2052688/CST_Unit4/" local="130310802780000000" remote="130310802780000000" Dst="1" />
<file name="icons-36-white.png" server="m2052688.scm.tees.ac.uk//web/users/m2052688/CST_Unit4/" local="130310802780000000" remote="130310802780000000" Dst="1" />
<file name="ajax-loader.gif" server="u0018370.scm.tees.ac.uk//web/users/u0018370/MAD_complete/" local="130347243840000000" remote="130358347160000000" Dst="0" />
<file name="icons-18-black.png" server="u0018370.scm.tees.ac.uk//web/users/u0018370/MAD_complete/" local="130347243820000000" remote="130358347160000000" Dst="0" />
<file name="icons-18-white.png" server="u0018370.scm.tees.ac.uk//web/users/u0018370/MAD_complete/" local="130347243820000000" remote="130358347160000000" Dst="0" />
<file name="icons-36-black.png" server="u0018370.scm.tees.ac.uk//web/users/u0018370/MAD_complete/" local="130347243820000000" remote="130358347170000000" Dst="0" />
<file name="icons-36-white.png" server="u0018370.scm.tees.ac.uk//web/users/u0018370/MAD_complete/" local="130347243820000000" remote="130358347170000000" Dst="0" />
<file name="ajax-loader.gif" server="outcast.tees.ac.uk//iws/u0018370/MAD_complete/" local="130347243840000000" remote="130365327840000000" Dst="0" />
<file name="icons-18-black.png" server="outcast.tees.ac.uk//iws/u0018370/MAD_complete/" local="130347243820000000" remote="130365327840000000" Dst="0" />
<file name="icons-18-white.png" server="outcast.tees.ac.uk//iws/u0018370/MAD_complete/" local="130347243820000000" remote="130365327840000000" Dst="0" />
<file name="icons-36-black.png" server="outcast.tees.ac.uk//iws/u0018370/MAD_complete/" local="130347243820000000" remote="130365327840000000" Dst="0" />
<file name="icons-36-white.png" server="outcast.tees.ac.uk//iws/u0018370/MAD_complete/" local="130347243820000000" remote="130365327840000000" Dst="0" />
</dwsync>