<?xml version="1.0" encoding="utf-8" ?>
<dwsync>
<file name="action-black.png" server="u0018370.scm.tees.ac.uk//web/users/u0018370/MAD_complete/" local="130320114060000000" remote="130358347240000000" Dst="0" />
<file name="action-white.png" server="u0018370.scm.tees.ac.uk//web/users/u0018370/MAD_complete/" local="130358266030000000" remote="130358347240000000" Dst="0" />
<file name="alert-black.png" server="u0018370.scm.tees.ac.uk//web/users/u0018370/MAD_complete/" local="130358266030000000" remote="130358347240000000" Dst="0" />
<file name="alert-white.png" server="u0018370.scm.tees.ac.uk//web/users/u0018370/MAD_complete/" local="130358266030000000" remote="130358347250000000" Dst="0" />
<file name="arrow-d-black.png" server="u0018370.scm.tees.ac.uk//web/users/u0018370/MAD_complete/" local="130358266030000000" remote="130358347250000000" Dst="0" />
<file name="arrow-d-l-black.png" server="u0018370.scm.tees.ac.uk//web/users/u0018370/MAD_complete/" local="130358266030000000" remote="130358347250000000" Dst="0" />
<file name="arrow-d-l-white.png" server="u0018370.scm.tees.ac.uk//web/users/u0018370/MAD_complete/" local="130358266030000000" remote="130358347250000000" Dst="0" />
<file name="arrow-d-r-black.png" server="u0018370.scm.tees.ac.uk//web/users/u0018370/MAD_complete/" local="130358266030000000" remote="130358347250000000" Dst="0" />
<file name="arrow-d-r-white.png" server="u0018370.scm.tees.ac.uk//web/users/u0018370/MAD_complete/" local="130358266030000000" remote="130358347250000000" Dst="0" />
<file name="arrow-d-white.png" server="u0018370.scm.tees.ac.uk//web/users/u0018370/MAD_complete/" local="130358266030000000" remote="130358347260000000" Dst="0" />
<file name="arrow-l-black.png" server="u0018370.scm.tees.ac.uk//web/users/u0018370/MAD_complete/" local="130358266030000000" remote="130358347260000000" Dst="0" />
<file name="arrow-l-white.png" server="u0018370.scm.tees.ac.uk//web/users/u0018370/MAD_complete/" local="130358266030000000" remote="130358347260000000" Dst="0" />
<file name="arrow-r-black.png" server="u0018370.scm.tees.ac.uk//web/users/u0018370/MAD_complete/" local="130358266030000000" remote="130358347260000000" Dst="0" />
<file name="arrow-r-white.png" server="u0018370.scm.tees.ac.uk//web/users/u0018370/MAD_complete/" local="130358266030000000" remote="130358347260000000" Dst="0" />
<file name="arrow-u-black.png" server="u0018370.scm.tees.ac.uk//web/users/u0018370/MAD_complete/" local="130358266030000000" remote="130358347260000000" Dst="0" />
<file name="arrow-u-l-black.png" server="u0018370.scm.tees.ac.uk//web/users/u0018370/MAD_complete/" local="130358266030000000" remote="130358347270000000" Dst="0" />
<file name="arrow-u-l-white.png" server="u0018370.scm.tees.ac.uk//web/users/u0018370/MAD_complete/" local="130358266030000000" remote="130358347270000000" Dst="0" />
<file name="arrow-u-r-black.png" server="u0018370.scm.tees.ac.uk//web/users/u0018370/MAD_complete/" local="130358266030000000" remote="130358347270000000" Dst="0" />
<file name="arrow-u-r-white.png" server="u0018370.scm.tees.ac.uk//web/users/u0018370/MAD_complete/" local="130358266030000000" remote="130358347270000000" Dst="0" />
<file name="arrow-u-white.png" server="u0018370.scm.tees.ac.uk//web/users/u0018370/MAD_complete/" local="130358266030000000" remote="130358347270000000" Dst="0" />
<file name="audio-black.png" server="u0018370.scm.tees.ac.uk//web/users/u0018370/MAD_complete/" local="130358266030000000" remote="130358347270000000" Dst="0" />
<file name="audio-white.png" server="u0018370.scm.tees.ac.uk//web/users/u0018370/MAD_complete/" local="130358266030000000" remote="130358347280000000" Dst="0" />
<file name="back-black.png" server="u0018370.scm.tees.ac.uk//web/users/u0018370/MAD_complete/" local="130358266030000000" remote="130358347280000000" Dst="0" />
<file name="back-white.png" server="u0018370.scm.tees.ac.uk//web/users/u0018370/MAD_complete/" local="130358266030000000" remote="130358347280000000" Dst="0" />
<file name="bars-black.png" server="u0018370.scm.tees.ac.uk//web/users/u0018370/MAD_complete/" local="130358266030000000" remote="130358347280000000" Dst="0" />
<file name="bars-white.png" server="u0018370.scm.tees.ac.uk//web/users/u0018370/MAD_complete/" local="130358266030000000" remote="130358347280000000" Dst="0" />
<file name="bullets-black.png" server="u0018370.scm.tees.ac.uk//web/users/u0018370/MAD_complete/" local="130358266030000000" remote="130358347280000000" Dst="0" />
<file name="bullets-white.png" server="u0018370.scm.tees.ac.uk//web/users/u0018370/MAD_complete/" local="130358266030000000" remote="130358347280000000" Dst="0" />
<file name="calendar-black.png" server="u0018370.scm.tees.ac.uk//web/users/u0018370/MAD_complete/" local="130358266030000000" remote="130358347290000000" Dst="0" />
<file name="calendar-white.png" server="u0018370.scm.tees.ac.uk//web/users/u0018370/MAD_complete/" local="130358266030000000" remote="130358347290000000" Dst="0" />
<file name="camera-black.png" server="u0018370.scm.tees.ac.uk//web/users/u0018370/MAD_complete/" local="130358266030000000" remote="130358347290000000" Dst="0" />
<file name="camera-white.png" server="u0018370.scm.tees.ac.uk//web/users/u0018370/MAD_complete/" local="130358266030000000" remote="130358347290000000" Dst="0" />
<file name="carat-d-black.png" server="u0018370.scm.tees.ac.uk//web/users/u0018370/MAD_complete/" local="130358266030000000" remote="130358347290000000" Dst="0" />
<file name="carat-d-white.png" server="u0018370.scm.tees.ac.uk//web/users/u0018370/MAD_complete/" local="130358266030000000" remote="130358347290000000" Dst="0" />
<file name="carat-l-black.png" server="u0018370.scm.tees.ac.uk//web/users/u0018370/MAD_complete/" local="130358266030000000" remote="130358347300000000" Dst="0" />
<file name="carat-l-white.png" server="u0018370.scm.tees.ac.uk//web/users/u0018370/MAD_complete/" local="130358266030000000" remote="130358347300000000" Dst="0" />
<file name="carat-r-black.png" server="u0018370.scm.tees.ac.uk//web/users/u0018370/MAD_complete/" local="130358266040000000" remote="130358347300000000" Dst="0" />
<file name="carat-r-white.png" server="u0018370.scm.tees.ac.uk//web/users/u0018370/MAD_complete/" local="130358266040000000" remote="130358347300000000" Dst="0" />
<file name="carat-u-black.png" server="u0018370.scm.tees.ac.uk//web/users/u0018370/MAD_complete/" local="130358266040000000" remote="130358347300000000" Dst="0" />
<file name="carat-u-white.png" server="u0018370.scm.tees.ac.uk//web/users/u0018370/MAD_complete/" local="130358266040000000" remote="130358347300000000" Dst="0" />
<file name="check-black.png" server="u0018370.scm.tees.ac.uk//web/users/u0018370/MAD_complete/" local="130358266040000000" remote="130358347300000000" Dst="0" />
<file name="check-white.png" server="u0018370.scm.tees.ac.uk//web/users/u0018370/MAD_complete/" local="130358266040000000" remote="130358347310000000" Dst="0" />
<file name="clock-black.png" server="u0018370.scm.tees.ac.uk//web/users/u0018370/MAD_complete/" local="130358266040000000" remote="130358347310000000" Dst="0" />
<file name="clock-white.png" server="u0018370.scm.tees.ac.uk//web/users/u0018370/MAD_complete/" local="130358266040000000" remote="130358347310000000" Dst="0" />
<file name="cloud-black.png" server="u0018370.scm.tees.ac.uk//web/users/u0018370/MAD_complete/" local="130358266040000000" remote="130358347310000000" Dst="0" />
<file name="cloud-white.png" server="u0018370.scm.tees.ac.uk//web/users/u0018370/MAD_complete/" local="130358266040000000" remote="130358347310000000" Dst="0" />
<file name="comment-black.png" server="u0018370.scm.tees.ac.uk//web/users/u0018370/MAD_complete/" local="130358266040000000" remote="130358347310000000" Dst="0" />
<file name="comment-white.png" server="u0018370.scm.tees.ac.uk//web/users/u0018370/MAD_complete/" local="130358266040000000" remote="130358347310000000" Dst="0" />
<file name="delete-black.png" server="u0018370.scm.tees.ac.uk//web/users/u0018370/MAD_complete/" local="130358266040000000" remote="130358347320000000" Dst="0" />
<file name="delete-white.png" server="u0018370.scm.tees.ac.uk//web/users/u0018370/MAD_complete/" local="130358266040000000" remote="130358347320000000" Dst="0" />
<file name="edit-black.png" server="u0018370.scm.tees.ac.uk//web/users/u0018370/MAD_complete/" local="130358266040000000" remote="130358347320000000" Dst="0" />
<file name="edit-white.png" server="u0018370.scm.tees.ac.uk//web/users/u0018370/MAD_complete/" local="130358266040000000" remote="130358347320000000" Dst="0" />
<file name="eye-black.png" server="u0018370.scm.tees.ac.uk//web/users/u0018370/MAD_complete/" local="130358266040000000" remote="130358347320000000" Dst="0" />
<file name="eye-white.png" server="u0018370.scm.tees.ac.uk//web/users/u0018370/MAD_complete/" local="130358266040000000" remote="130358347320000000" Dst="0" />
<file name="forbidden-black.png" server="u0018370.scm.tees.ac.uk//web/users/u0018370/MAD_complete/" local="130358266040000000" remote="130358347330000000" Dst="0" />
<file name="forbidden-white.png" server="u0018370.scm.tees.ac.uk//web/users/u0018370/MAD_complete/" local="130358266040000000" remote="130358347330000000" Dst="0" />
<file name="forward-black.png" server="u0018370.scm.tees.ac.uk//web/users/u0018370/MAD_complete/" local="130358266040000000" remote="130358347330000000" Dst="0" />
<file name="forward-white.png" server="u0018370.scm.tees.ac.uk//web/users/u0018370/MAD_complete/" local="130358266040000000" remote="130358347330000000" Dst="0" />
<file name="gear-black.png" server="u0018370.scm.tees.ac.uk//web/users/u0018370/MAD_complete/" local="130358266040000000" remote="130358347330000000" Dst="0" />
<file name="gear-white.png" server="u0018370.scm.tees.ac.uk//web/users/u0018370/MAD_complete/" local="130358266040000000" remote="130358347330000000" Dst="0" />
<file name="grid-black.png" server="u0018370.scm.tees.ac.uk//web/users/u0018370/MAD_complete/" local="130358266040000000" remote="130358347330000000" Dst="0" />
<file name="grid-white.png" server="u0018370.scm.tees.ac.uk//web/users/u0018370/MAD_complete/" local="130358266040000000" remote="130358347340000000" Dst="0" />
<file name="heart-black.png" server="u0018370.scm.tees.ac.uk//web/users/u0018370/MAD_complete/" local="130358266040000000" remote="130358347340000000" Dst="0" />
<file name="heart-white.png" server="u0018370.scm.tees.ac.uk//web/users/u0018370/MAD_complete/" local="130358266040000000" remote="130358347340000000" Dst="0" />
<file name="home-black.png" server="u0018370.scm.tees.ac.uk//web/users/u0018370/MAD_complete/" local="130358266040000000" remote="130358347340000000" Dst="0" />
<file name="home-white.png" server="u0018370.scm.tees.ac.uk//web/users/u0018370/MAD_complete/" local="130358266040000000" remote="130358347340000000" Dst="0" />
<file name="info-black.png" server="u0018370.scm.tees.ac.uk//web/users/u0018370/MAD_complete/" local="130358266040000000" remote="130358347340000000" Dst="0" />
<file name="info-white.png" server="u0018370.scm.tees.ac.uk//web/users/u0018370/MAD_complete/" local="130358266040000000" remote="130358347350000000" Dst="0" />
<file name="location-black.png" server="u0018370.scm.tees.ac.uk//web/users/u0018370/MAD_complete/" local="130358266040000000" remote="130358347350000000" Dst="0" />
<file name="location-white.png" server="u0018370.scm.tees.ac.uk//web/users/u0018370/MAD_complete/" local="130358266040000000" remote="130358347350000000" Dst="0" />
<file name="lock-black.png" server="u0018370.scm.tees.ac.uk//web/users/u0018370/MAD_complete/" local="130358266040000000" remote="130358347350000000" Dst="0" />
<file name="lock-white.png" server="u0018370.scm.tees.ac.uk//web/users/u0018370/MAD_complete/" local="130358266040000000" remote="130358347350000000" Dst="0" />
<file name="mail-black.png" server="u0018370.scm.tees.ac.uk//web/users/u0018370/MAD_complete/" local="130358266040000000" remote="130358347350000000" Dst="0" />
<file name="mail-white.png" server="u0018370.scm.tees.ac.uk//web/users/u0018370/MAD_complete/" local="130358266040000000" remote="130358347350000000" Dst="0" />
<file name="minus-black.png" server="u0018370.scm.tees.ac.uk//web/users/u0018370/MAD_complete/" local="130358266040000000" remote="130358347360000000" Dst="0" />
<file name="minus-white.png" server="u0018370.scm.tees.ac.uk//web/users/u0018370/MAD_complete/" local="130358266040000000" remote="130358347360000000" Dst="0" />
<file name="navigation-black.png" server="u0018370.scm.tees.ac.uk//web/users/u0018370/MAD_complete/" local="130358266040000000" remote="130358347360000000" Dst="0" />
<file name="navigation-white.png" server="u0018370.scm.tees.ac.uk//web/users/u0018370/MAD_complete/" local="130358266040000000" remote="130358347360000000" Dst="0" />
<file name="phone-black.png" server="u0018370.scm.tees.ac.uk//web/users/u0018370/MAD_complete/" local="130358266040000000" remote="130358347360000000" Dst="0" />
<file name="phone-white.png" server="u0018370.scm.tees.ac.uk//web/users/u0018370/MAD_complete/" local="130358266040000000" remote="130358347360000000" Dst="0" />
<file name="plus-black.png" server="u0018370.scm.tees.ac.uk//web/users/u0018370/MAD_complete/" local="130358266040000000" remote="130358347370000000" Dst="0" />
<file name="plus-white.png" server="u0018370.scm.tees.ac.uk//web/users/u0018370/MAD_complete/" local="130358266040000000" remote="130358347370000000" Dst="0" />
<file name="power-black.png" server="u0018370.scm.tees.ac.uk//web/users/u0018370/MAD_complete/" local="130358266040000000" remote="130358347370000000" Dst="0" />
<file name="power-white.png" server="u0018370.scm.tees.ac.uk//web/users/u0018370/MAD_complete/" local="130358266040000000" remote="130358347370000000" Dst="0" />
<file name="recycle-black.png" server="u0018370.scm.tees.ac.uk//web/users/u0018370/MAD_complete/" local="130358266040000000" remote="130358347370000000" Dst="0" />
<file name="recycle-white.png" server="u0018370.scm.tees.ac.uk//web/users/u0018370/MAD_complete/" local="130358266040000000" remote="130358347370000000" Dst="0" />
<file name="refresh-black.png" server="u0018370.scm.tees.ac.uk//web/users/u0018370/MAD_complete/" local="130358266040000000" remote="130358347380000000" Dst="0" />
<file name="refresh-white.png" server="u0018370.scm.tees.ac.uk//web/users/u0018370/MAD_complete/" local="130358266040000000" remote="130358347380000000" Dst="0" />
<file name="search-black.png" server="u0018370.scm.tees.ac.uk//web/users/u0018370/MAD_complete/" local="130358266040000000" remote="130358347380000000" Dst="0" />
<file name="search-white.png" server="u0018370.scm.tees.ac.uk//web/users/u0018370/MAD_complete/" local="130358266040000000" remote="130358347380000000" Dst="0" />
<file name="shop-black.png" server="u0018370.scm.tees.ac.uk//web/users/u0018370/MAD_complete/" local="130358266040000000" remote="130358347380000000" Dst="0" />
<file name="shop-white.png" server="u0018370.scm.tees.ac.uk//web/users/u0018370/MAD_complete/" local="130358266040000000" remote="130358347380000000" Dst="0" />
<file name="star-black.png" server="u0018370.scm.tees.ac.uk//web/users/u0018370/MAD_complete/" local="130358266040000000" remote="130358347390000000" Dst="0" />
<file name="star-white.png" server="u0018370.scm.tees.ac.uk//web/users/u0018370/MAD_complete/" local="130358266040000000" remote="130358347390000000" Dst="0" />
<file name="tag-black.png" server="u0018370.scm.tees.ac.uk//web/users/u0018370/MAD_complete/" local="130358266040000000" remote="130358347390000000" Dst="0" />
<file name="tag-white.png" server="u0018370.scm.tees.ac.uk//web/users/u0018370/MAD_complete/" local="130358266040000000" remote="130358347390000000" Dst="0" />
<file name="user-black.png" server="u0018370.scm.tees.ac.uk//web/users/u0018370/MAD_complete/" local="130358266040000000" remote="130358347390000000" Dst="0" />
<file name="user-white.png" server="u0018370.scm.tees.ac.uk//web/users/u0018370/MAD_complete/" local="130358266040000000" remote="130358347390000000" Dst="0" />
<file name="video-black.png" server="u0018370.scm.tees.ac.uk//web/users/u0018370/MAD_complete/" local="130358266040000000" remote="130358347390000000" Dst="0" />
<file name="video-white.png" server="u0018370.scm.tees.ac.uk//web/users/u0018370/MAD_complete/" local="130358266040000000" remote="130358347400000000" Dst="0" />
<file name="action-black.png" server="outcast.tees.ac.uk//iws/u0018370/MAD_complete/" local="130320114060000000" remote="130365327900000000" Dst="0" />
<file name="action-white.png" server="outcast.tees.ac.uk//iws/u0018370/MAD_complete/" local="130358266030000000" remote="130365327910000000" Dst="0" />
<file name="alert-black.png" server="outcast.tees.ac.uk//iws/u0018370/MAD_complete/" local="130358266030000000" remote="130365327910000000" Dst="0" />
<file name="alert-white.png" server="outcast.tees.ac.uk//iws/u0018370/MAD_complete/" local="130358266030000000" remote="130365327910000000" Dst="0" />
<file name="arrow-d-black.png" server="outcast.tees.ac.uk//iws/u0018370/MAD_complete/" local="130358266030000000" remote="130365327910000000" Dst="0" />
<file name="arrow-d-l-black.png" server="outcast.tees.ac.uk//iws/u0018370/MAD_complete/" local="130358266030000000" remote="130365327910000000" Dst="0" />
<file name="arrow-d-l-white.png" server="outcast.tees.ac.uk//iws/u0018370/MAD_complete/" local="130358266030000000" remote="130365327910000000" Dst="0" />
<file name="arrow-d-r-black.png" server="outcast.tees.ac.uk//iws/u0018370/MAD_complete/" local="130358266030000000" remote="130365327920000000" Dst="0" />
<file name="arrow-d-r-white.png" server="outcast.tees.ac.uk//iws/u0018370/MAD_complete/" local="130358266030000000" remote="130365327920000000" Dst="0" />
<file name="arrow-d-white.png" server="outcast.tees.ac.uk//iws/u0018370/MAD_complete/" local="130358266030000000" remote="130365327920000000" Dst="0" />
<file name="arrow-l-black.png" server="outcast.tees.ac.uk//iws/u0018370/MAD_complete/" local="130358266030000000" remote="130365327920000000" Dst="0" />
<file name="arrow-l-white.png" server="outcast.tees.ac.uk//iws/u0018370/MAD_complete/" local="130358266030000000" remote="130365327920000000" Dst="0" />
<file name="arrow-r-black.png" server="outcast.tees.ac.uk//iws/u0018370/MAD_complete/" local="130358266030000000" remote="130365327920000000" Dst="0" />
<file name="arrow-r-white.png" server="outcast.tees.ac.uk//iws/u0018370/MAD_complete/" local="130358266030000000" remote="130365327930000000" Dst="0" />
<file name="arrow-u-black.png" server="outcast.tees.ac.uk//iws/u0018370/MAD_complete/" local="130358266030000000" remote="130365327930000000" Dst="0" />
<file name="arrow-u-l-black.png" server="outcast.tees.ac.uk//iws/u0018370/MAD_complete/" local="130358266030000000" remote="130365327930000000" Dst="0" />
<file name="arrow-u-l-white.png" server="outcast.tees.ac.uk//iws/u0018370/MAD_complete/" local="130358266030000000" remote="130365327930000000" Dst="0" />
<file name="arrow-u-r-black.png" server="outcast.tees.ac.uk//iws/u0018370/MAD_complete/" local="130358266030000000" remote="130365327930000000" Dst="0" />
<file name="arrow-u-r-white.png" server="outcast.tees.ac.uk//iws/u0018370/MAD_complete/" local="130358266030000000" remote="130365327930000000" Dst="0" />
<file name="arrow-u-white.png" server="outcast.tees.ac.uk//iws/u0018370/MAD_complete/" local="130358266030000000" remote="130365327930000000" Dst="0" />
<file name="audio-black.png" server="outcast.tees.ac.uk//iws/u0018370/MAD_complete/" local="130358266030000000" remote="130365327940000000" Dst="0" />
<file name="audio-white.png" server="outcast.tees.ac.uk//iws/u0018370/MAD_complete/" local="130358266030000000" remote="130365327940000000" Dst="0" />
<file name="back-black.png" server="outcast.tees.ac.uk//iws/u0018370/MAD_complete/" local="130358266030000000" remote="130365327940000000" Dst="0" />
<file name="back-white.png" server="outcast.tees.ac.uk//iws/u0018370/MAD_complete/" local="130358266030000000" remote="130365327940000000" Dst="0" />
<file name="bars-black.png" server="outcast.tees.ac.uk//iws/u0018370/MAD_complete/" local="130358266030000000" remote="130365327940000000" Dst="0" />
<file name="bars-white.png" server="outcast.tees.ac.uk//iws/u0018370/MAD_complete/" local="130358266030000000" remote="130365327940000000" Dst="0" />
<file name="bullets-black.png" server="outcast.tees.ac.uk//iws/u0018370/MAD_complete/" local="130358266030000000" remote="130365327950000000" Dst="0" />
<file name="bullets-white.png" server="outcast.tees.ac.uk//iws/u0018370/MAD_complete/" local="130358266030000000" remote="130365327950000000" Dst="0" />
<file name="calendar-black.png" server="outcast.tees.ac.uk//iws/u0018370/MAD_complete/" local="130358266030000000" remote="130365327950000000" Dst="0" />
<file name="calendar-white.png" server="outcast.tees.ac.uk//iws/u0018370/MAD_complete/" local="130358266030000000" remote="130365327950000000" Dst="0" />
<file name="camera-black.png" server="outcast.tees.ac.uk//iws/u0018370/MAD_complete/" local="130358266030000000" remote="130365327950000000" Dst="0" />
<file name="camera-white.png" server="outcast.tees.ac.uk//iws/u0018370/MAD_complete/" local="130358266030000000" remote="130365327950000000" Dst="0" />
<file name="carat-d-black.png" server="outcast.tees.ac.uk//iws/u0018370/MAD_complete/" local="130358266030000000" remote="130365327950000000" Dst="0" />
<file name="carat-d-white.png" server="outcast.tees.ac.uk//iws/u0018370/MAD_complete/" local="130358266030000000" remote="130365327960000000" Dst="0" />
<file name="carat-l-black.png" server="outcast.tees.ac.uk//iws/u0018370/MAD_complete/" local="130358266030000000" remote="130365327960000000" Dst="0" />
<file name="carat-l-white.png" server="outcast.tees.ac.uk//iws/u0018370/MAD_complete/" local="130358266030000000" remote="130365327960000000" Dst="0" />
<file name="carat-r-black.png" server="outcast.tees.ac.uk//iws/u0018370/MAD_complete/" local="130358266040000000" remote="130365327960000000" Dst="0" />
<file name="carat-r-white.png" server="outcast.tees.ac.uk//iws/u0018370/MAD_complete/" local="130358266040000000" remote="130365327960000000" Dst="0" />
<file name="carat-u-black.png" server="outcast.tees.ac.uk//iws/u0018370/MAD_complete/" local="130358266040000000" remote="130365327960000000" Dst="0" />
<file name="carat-u-white.png" server="outcast.tees.ac.uk//iws/u0018370/MAD_complete/" local="130358266040000000" remote="130365327960000000" Dst="0" />
<file name="check-black.png" server="outcast.tees.ac.uk//iws/u0018370/MAD_complete/" local="130358266040000000" remote="130365327970000000" Dst="0" />
<file name="check-white.png" server="outcast.tees.ac.uk//iws/u0018370/MAD_complete/" local="130358266040000000" remote="130365327970000000" Dst="0" />
<file name="clock-black.png" server="outcast.tees.ac.uk//iws/u0018370/MAD_complete/" local="130358266040000000" remote="130365327970000000" Dst="0" />
<file name="clock-white.png" server="outcast.tees.ac.uk//iws/u0018370/MAD_complete/" local="130358266040000000" remote="130365327970000000" Dst="0" />
<file name="cloud-black.png" server="outcast.tees.ac.uk//iws/u0018370/MAD_complete/" local="130358266040000000" remote="130365327970000000" Dst="0" />
<file name="cloud-white.png" server="outcast.tees.ac.uk//iws/u0018370/MAD_complete/" local="130358266040000000" remote="130365327970000000" Dst="0" />
<file name="comment-black.png" server="outcast.tees.ac.uk//iws/u0018370/MAD_complete/" local="130358266040000000" remote="130365327980000000" Dst="0" />
<file name="comment-white.png" server="outcast.tees.ac.uk//iws/u0018370/MAD_complete/" local="130358266040000000" remote="130365327980000000" Dst="0" />
<file name="delete-black.png" server="outcast.tees.ac.uk//iws/u0018370/MAD_complete/" local="130358266040000000" remote="130365327980000000" Dst="0" />
<file name="delete-white.png" server="outcast.tees.ac.uk//iws/u0018370/MAD_complete/" local="130358266040000000" remote="130365327980000000" Dst="0" />
<file name="edit-black.png" server="outcast.tees.ac.uk//iws/u0018370/MAD_complete/" local="130358266040000000" remote="130365327980000000" Dst="0" />
<file name="edit-white.png" server="outcast.tees.ac.uk//iws/u0018370/MAD_complete/" local="130358266040000000" remote="130365327980000000" Dst="0" />
<file name="eye-black.png" server="outcast.tees.ac.uk//iws/u0018370/MAD_complete/" local="130358266040000000" remote="130365327990000000" Dst="0" />
<file name="eye-white.png" server="outcast.tees.ac.uk//iws/u0018370/MAD_complete/" local="130358266040000000" remote="130365327990000000" Dst="0" />
<file name="forbidden-black.png" server="outcast.tees.ac.uk//iws/u0018370/MAD_complete/" local="130358266040000000" remote="130365327990000000" Dst="0" />
<file name="forbidden-white.png" server="outcast.tees.ac.uk//iws/u0018370/MAD_complete/" local="130358266040000000" remote="130365327990000000" Dst="0" />
<file name="forward-black.png" server="outcast.tees.ac.uk//iws/u0018370/MAD_complete/" local="130358266040000000" remote="130365327990000000" Dst="0" />
<file name="forward-white.png" server="outcast.tees.ac.uk//iws/u0018370/MAD_complete/" local="130358266040000000" remote="130365327990000000" Dst="0" />
<file name="gear-black.png" server="outcast.tees.ac.uk//iws/u0018370/MAD_complete/" local="130358266040000000" remote="130365327990000000" Dst="0" />
<file name="gear-white.png" server="outcast.tees.ac.uk//iws/u0018370/MAD_complete/" local="130358266040000000" remote="130365328000000000" Dst="0" />
<file name="grid-black.png" server="outcast.tees.ac.uk//iws/u0018370/MAD_complete/" local="130358266040000000" remote="130365328000000000" Dst="0" />
<file name="grid-white.png" server="outcast.tees.ac.uk//iws/u0018370/MAD_complete/" local="130358266040000000" remote="130365328000000000" Dst="0" />
<file name="heart-black.png" server="outcast.tees.ac.uk//iws/u0018370/MAD_complete/" local="130358266040000000" remote="130365328000000000" Dst="0" />
<file name="heart-white.png" server="outcast.tees.ac.uk//iws/u0018370/MAD_complete/" local="130358266040000000" remote="130365328000000000" Dst="0" />
<file name="home-black.png" server="outcast.tees.ac.uk//iws/u0018370/MAD_complete/" local="130358266040000000" remote="130365328000000000" Dst="0" />
<file name="home-white.png" server="outcast.tees.ac.uk//iws/u0018370/MAD_complete/" local="130358266040000000" remote="130365328010000000" Dst="0" />
<file name="info-black.png" server="outcast.tees.ac.uk//iws/u0018370/MAD_complete/" local="130358266040000000" remote="130365328010000000" Dst="0" />
<file name="info-white.png" server="outcast.tees.ac.uk//iws/u0018370/MAD_complete/" local="130358266040000000" remote="130365328010000000" Dst="0" />
<file name="location-black.png" server="outcast.tees.ac.uk//iws/u0018370/MAD_complete/" local="130358266040000000" remote="130365328010000000" Dst="0" />
<file name="location-white.png" server="outcast.tees.ac.uk//iws/u0018370/MAD_complete/" local="130358266040000000" remote="130365328010000000" Dst="0" />
<file name="lock-black.png" server="outcast.tees.ac.uk//iws/u0018370/MAD_complete/" local="130358266040000000" remote="130365328010000000" Dst="0" />
<file name="lock-white.png" server="outcast.tees.ac.uk//iws/u0018370/MAD_complete/" local="130358266040000000" remote="130365328020000000" Dst="0" />
<file name="mail-black.png" server="outcast.tees.ac.uk//iws/u0018370/MAD_complete/" local="130358266040000000" remote="130365328020000000" Dst="0" />
<file name="mail-white.png" server="outcast.tees.ac.uk//iws/u0018370/MAD_complete/" local="130358266040000000" remote="130365328020000000" Dst="0" />
<file name="minus-black.png" server="outcast.tees.ac.uk//iws/u0018370/MAD_complete/" local="130358266040000000" remote="130365328020000000" Dst="0" />
<file name="minus-white.png" server="outcast.tees.ac.uk//iws/u0018370/MAD_complete/" local="130358266040000000" remote="130365328020000000" Dst="0" />
<file name="navigation-black.png" server="outcast.tees.ac.uk//iws/u0018370/MAD_complete/" local="130358266040000000" remote="130365328020000000" Dst="0" />
<file name="navigation-white.png" server="outcast.tees.ac.uk//iws/u0018370/MAD_complete/" local="130358266040000000" remote="130365328020000000" Dst="0" />
<file name="phone-black.png" server="outcast.tees.ac.uk//iws/u0018370/MAD_complete/" local="130358266040000000" remote="130365328030000000" Dst="0" />
<file name="phone-white.png" server="outcast.tees.ac.uk//iws/u0018370/MAD_complete/" local="130358266040000000" remote="130365328030000000" Dst="0" />
<file name="plus-black.png" server="outcast.tees.ac.uk//iws/u0018370/MAD_complete/" local="130358266040000000" remote="130365328030000000" Dst="0" />
<file name="plus-white.png" server="outcast.tees.ac.uk//iws/u0018370/MAD_complete/" local="130358266040000000" remote="130365328030000000" Dst="0" />
<file name="power-black.png" server="outcast.tees.ac.uk//iws/u0018370/MAD_complete/" local="130358266040000000" remote="130365328030000000" Dst="0" />
<file name="power-white.png" server="outcast.tees.ac.uk//iws/u0018370/MAD_complete/" local="130358266040000000" remote="130365328030000000" Dst="0" />
<file name="recycle-black.png" server="outcast.tees.ac.uk//iws/u0018370/MAD_complete/" local="130358266040000000" remote="130365328040000000" Dst="0" />
<file name="recycle-white.png" server="outcast.tees.ac.uk//iws/u0018370/MAD_complete/" local="130358266040000000" remote="130365328040000000" Dst="0" />
<file name="refresh-black.png" server="outcast.tees.ac.uk//iws/u0018370/MAD_complete/" local="130358266040000000" remote="130365328040000000" Dst="0" />
<file name="refresh-white.png" server="outcast.tees.ac.uk//iws/u0018370/MAD_complete/" local="130358266040000000" remote="130365328040000000" Dst="0" />
<file name="search-black.png" server="outcast.tees.ac.uk//iws/u0018370/MAD_complete/" local="130358266040000000" remote="130365328040000000" Dst="0" />
<file name="search-white.png" server="outcast.tees.ac.uk//iws/u0018370/MAD_complete/" local="130358266040000000" remote="130365328040000000" Dst="0" />
<file name="shop-black.png" server="outcast.tees.ac.uk//iws/u0018370/MAD_complete/" local="130358266040000000" remote="130365328040000000" Dst="0" />
<file name="shop-white.png" server="outcast.tees.ac.uk//iws/u0018370/MAD_complete/" local="130358266040000000" remote="130365328050000000" Dst="0" />
<file name="star-black.png" server="outcast.tees.ac.uk//iws/u0018370/MAD_complete/" local="130358266040000000" remote="130365328050000000" Dst="0" />
<file name="star-white.png" server="outcast.tees.ac.uk//iws/u0018370/MAD_complete/" local="130358266040000000" remote="130365328050000000" Dst="0" />
<file name="tag-black.png" server="outcast.tees.ac.uk//iws/u0018370/MAD_complete/" local="130358266040000000" remote="130365328050000000" Dst="0" />
<file name="tag-white.png" server="outcast.tees.ac.uk//iws/u0018370/MAD_complete/" local="130358266040000000" remote="130365328050000000" Dst="0" />
<file name="user-black.png" server="outcast.tees.ac.uk//iws/u0018370/MAD_complete/" local="130358266040000000" remote="130365328050000000" Dst="0" />
<file name="user-white.png" server="outcast.tees.ac.uk//iws/u0018370/MAD_complete/" local="130358266040000000" remote="130365328060000000" Dst="0" />
<file name="video-black.png" server="outcast.tees.ac.uk//iws/u0018370/MAD_complete/" local="130358266040000000" remote="130365328060000000" Dst="0" />
<file name="video-white.png" server="outcast.tees.ac.uk//iws/u0018370/MAD_complete/" local="130358266040000000" remote="130365328060000000" Dst="0" />
</dwsync>