<?xml version="1.0" encoding="utf-8" ?>
<dwsync>
<file name="class.model.common.php" server="u0018370.scm.tees.ac.uk//web/users/u0018370/MAD_complete/" local="130259746470000000" remote="130358347100000000" Dst="0" />
<file name="class.model.composeForm.php" server="u0018370.scm.tees.ac.uk//web/users/u0018370/MAD_complete/" local="130347243740000000" remote="130358347100000000" Dst="0" />
<file name="class.model.getDashBoardData.php" server="u0018370.scm.tees.ac.uk//web/users/u0018370/MAD_complete/" local="130347243740000000" remote="130358347110000000" Dst="0" />
<file name="class.model.login.php" server="u0018370.scm.tees.ac.uk//web/users/u0018370/MAD_complete/" local="130358291543246823" remote="130358363350000000" Dst="0" />
<file name="class.model.registerUser.php" server="u0018370.scm.tees.ac.uk//web/users/u0018370/MAD_complete/" local="130347243760000000" remote="130358347110000000" Dst="0" />
<file name="class.model.logout.php" server="u0018370.scm.tees.ac.uk//web/users/u0018370/MAD_complete/" local="130347243740000000" remote="130365002220000000" Dst="1" />
<file name="class.model.common.php" server="outcast.tees.ac.uk//iws/u0018370/MAD_complete/" local="130259746470000000" remote="130365327770000000" Dst="0" />
<file name="class.model.composeForm.php" server="outcast.tees.ac.uk//iws/u0018370/MAD_complete/" local="130347243740000000" remote="130365327780000000" Dst="0" />
<file name="class.model.getDashBoardData.php" server="outcast.tees.ac.uk//iws/u0018370/MAD_complete/" local="130347243740000000" remote="130365327780000000" Dst="0" />
<file name="class.model.login.php" server="outcast.tees.ac.uk//iws/u0018370/MAD_complete/" local="130358291540000000" remote="130365327780000000" Dst="0" />
<file name="class.model.logout.php" server="outcast.tees.ac.uk//iws/u0018370/MAD_complete/" local="130347243740000000" remote="130365327780000000" Dst="0" />
<file name="class.model.registerUser.php" server="outcast.tees.ac.uk//iws/u0018370/MAD_complete/" local="130347243760000000" remote="130365327780000000" Dst="0" />
</dwsync>