<?xml version="1.0" encoding="utf-8" ?>
<dwsync>
<file name="class.controller.login.js" server="outcast.tees.ac.uk//iws/u0018370/MAD_complete/" local="130365257789463021" remote="130365329360000000" Dst="0" />
<file name="class.controller.logout.js" server="outcast.tees.ac.uk//iws/u0018370/MAD_complete/" local="130365257744773888" remote="130365329440000000" Dst="0" />
<file name="class.controller.registerUser.js" server="outcast.tees.ac.uk//iws/u0018370/MAD_complete/" local="130365257744944080" remote="130365329410000000" Dst="0" />
<file name="class.getDashBoardData.js" server="outcast.tees.ac.uk//iws/u0018370/MAD_complete/" local="130358276970000000" remote="130365327690000000" Dst="0" />
<file name="class.jquery.passstrength.js" server="outcast.tees.ac.uk//iws/u0018370/MAD_complete/" local="130347243760000000" remote="130365327700000000" Dst="0" />
<file name="class.Placeholders.min.js" server="outcast.tees.ac.uk//iws/u0018370/MAD_complete/" local="130347243760000000" remote="130365327700000000" Dst="0" />
<file name="class.Placeholders.min.js" server="u0018370.scm.tees.ac.uk//web/users/u0018370/MAD_complete/" local="130347243760000000" remote="130365987790000000" Dst="1" />
<file name="class.controller.registerUser.js" server="u0018370.scm.tees.ac.uk//web/users/u0018370/MAD_complete/" local="130366037835089725" remote="130366037950000000" Dst="1" />
<file name="class.controller.login.js" server="u0018370.scm.tees.ac.uk//web/users/u0018370/MAD_complete/" local="130366037890029725" remote="130366037890000000" Dst="1" />
<file name="class.controller.logout.js" server="u0018370.scm.tees.ac.uk//web/users/u0018370/MAD_complete/" local="130366037834899725" remote="130366037950000000" Dst="1" />
</dwsync>